Продукт,углеводы(г/100г),белки(г/100г),жиры(г/100г),ккал(100г)
Масло виноградных косточек,0.00 г,0.00 г,100.00 г,884 кКал
Масло кукурузное,0.00 г,0.00 г,100.00 г,900 кКал
Жир бараний сырой,0.00 г,0.00 г,100.00 г,902 кКал
Масло грецкого ореха,0.00 г,0.00 г,100.00 г,884 кКал
Масло миндальное,0.00 г,0.00 г,100.00 г,884 кКал
Масло фундука,0.00 г,0.00 г,100.00 г,884 кКал
Масло абрикосовое,0.00 г,0.00 г,100.00 г,884 кКал
Масло какао,0.00 г,0.00 г,100.00 г,884 кКал
Масло хлопковое,0.00 г,0.00 г,100.00 г,884 кКал
Масло сафлоровое,0.00 г,0.00 г,100.00 г,884 кКал
Масло маковое,0.00 г,0.00 г,100.00 г,884 кКал
Масло бабассу,0.00 г,0.00 г,100.00 г,884 кКал
Масло ши (карите),0.00 г,0.00 г,100.00 г,884 кКал
Жир куриный сырой,0.00 г,0.00 г,99.80 г,900 кКал
Масло подсолнечное,0.00 г,0.00 г,100.00 г,884 кКал
Масло овса,0.00 г,0.00 г,100.00 г,884 кКал
Жир печени трески сырой,0.00 г,0.00 г,100.00 г,902 кКал
Жир лосося сырой,0.00 г,0.00 г,100.00 г,902 кКал
Жир сельди сырой,0.00 г,0.00 г,100.00 г,902 кКал
Жир сардин сырой,0.00 г,0.00 г,100.00 г,902 кКал
Жир утиный сырой,0.00 г,0.00 г,99.80 г,882 кКал
Жир индейки сырой,0.00 г,0.00 г,99.80 г,900 кКал
Жир гусиный сырой,0.00 г,0.00 г,99.80 г,900 кКал
Масло авокадо,0.00 г,0.00 г,100.00 г,884 кКал
Масло канолы,0.00 г,0.00 г,100.00 г,884 кКал
Масло горчичное,0.00 г,0.00 г,100.00 г,884 кКал
Маргарин,0.75 г,0.22 г,80.17 г,3 кКал
Мясо индейки (индюшатина) сырое. мясо целой тушки,0.14 г,22.64 г,1.93 г,1 кКал
Мясо индейки (индюшатина) запечённое (мясо целой тушки),0.00 г,29.06 г,3.84 г,159 кКал
Кожа индейки в сыром виде,0.16 г,12.96 г,38.93 г,1 кКал
Желудки индейки сырые,0.00 г,18.80 г,3.37 г,111 кКал
Желудки индейки тушёные,0.00 г,26.45 г,4.64 г,155 кКал
Сердце индейки сырое,0.40 г,16.70 г,7.44 г,2 кКал
Сердце индейки приготовленное,0.00 г,24.88 г,7.52 г,174 кКал
Печень индейки сырая,0.00 г,18.26 г,5.50 г,128 кКал
Печень индейки тушёная,0.00 г,27.00 г,8.18 г,189 кКал
Шея индейки сырая,0.00 г,16.51 г,6.04 г,125 кКал
Шея индейки отварная или тушёная,0.00 г,22.48 г,7.36 г,162 кКал
Грудка индейки (филе) сырая,0.14 г,23.66 г,1.48 г,1 кКал
Грудка индейки (филе) варёная,0.00 г,30.13 г,2.08 г,147 кКал
Фуа-гра консервированное,4.67 г,11.40 г,43.84 г,19 кКал
Куриный фарш сырой,0.04 г,17.44 г,8.10 г,0 кКал
Куриная кожа отварная,0.00 г,15.22 г,33.04 г,363 кКал
Куриные жулудки сырые,0.00 г,17.66 г,2.06 г,94 кКал
Куриные жулудки варёные или тушёные,0.00 г,30.39 г,2.68 г,154 кКал
Куриные сердца сырые,0.71 г,15.55 г,9.33 г,3 кКал
Куриные сердца приготовленные,0.10 г,26.41 г,7.92 г,0 кКал
Куриная печень сырая,0.73 г,16.92 г,4.83 г,3 кКал
Куриная печень тушёная или варёная,0.87 г,24.46 г,6.51 г,3 кКал
Курица сырое куриное мясо,0.00 г,21.39 г,3.08 г,119 кКал
Курица жареная,1.69 г,30.57 г,9.12 г,7 кКал
Курица запечённая,0.00 г,28.93 г,7.41 г,190 кКал
Курица варёная или тушёная,0.00 г,27.29 г,6.71 г,177 кКал
Куриная кожа сырая,0.00 г,13.33 г,32.35 г,349 кКал
Куриная спинка приготовленная (мясо с кожей),0.00 г,22.18 г,18.14 г,258 кКал
Куриная спинка (без кожи) сырая,0.00 г,19.56 г,5.92 г,137 кКал
Куриная грудка сырая. с кожей,0.00 г,20.85 г,9.25 г,172 кКал
Филе куриной грудки сырое мясо. без кожи,0.00 г,22.50 г,2.62 г,120 кКал
Куриная голень сырая. мясо с кожей,0.11 г,18.08 г,9.20 г,0 кКал
Куриная спинка сырая. мясо с кожей,0.00 г,14.05 г,28.74 г,319 кКал
Куриные бёдра сырые. мясо с кожей,0.25 г,16.52 г,16.61 г,1 кКал
Куриные бёдра жареные (мясо с кожей),3.18 г,26.75 г,14.98 г,13 кКал
Куриные бёдра запечённые (мясо с кожей),0.00 г,23.26 г,14.71 г,232 кКал
Куриные бёдра варёные или тушёные (мясо с кожей),0.00 г,23.26 г,14.74 г,232 кКал
Куриные бёдра без кожи варёные или тушёные,0.00 г,25.00 г,9.79 г,195 кКал
Куриная голень жареная (мясо с кожей),1.63 г,26.96 г,13.72 г,7 кКал
Куриная голень запечённая (мясо с кожей),0.00 г,23.35 г,10.15 г,191 кКал
Куриная голень (без кожи) жареная,0.00 г,28.62 г,8.08 г,195 кКал
Куриная голень тушёная или варёная (мясо с кожей),0.00 г,25.32 г,10.64 г,204 кКал
Куриная голень (без кожи) тушёная или варёная,0.00 г,27.50 г,5.71 г,169 кКал
Куриные ножки (окорочка) сырые. мясо с кожей,0.17 г,16.37 г,15.95 г,1 кКал
Куриные ножки жареные (мясо с кожей),2.50 г,26.84 г,14.43 г,10 кКал
Куриные ножки запечённые (мясо с кожей),0.00 г,24.03 г,8.99 г,184 кКал
Куриные ножки варёные или тушёные (мясо с кожей),0.00 г,24.17 г,12.92 г,220 кКал
Куриные крылышки жареные,2.39 г,26.11 г,22.16 г,10 кКал
Куриные крылышки запечённые,0.00 г,23.79 г,16.87 г,254 кКал
Куриные крылышки сырые,0.00 г,17.52 г,12.85 г,191 кКал
Куриные крылышки варёные или тушёные,0.00 г,22.78 г,16.82 г,249 кКал
Мясо фазана сырое,0.00 г,22.70 г,9.29 г,181 кКал
Печень гусиная сырая,6.32 г,16.37 г,4.28 г,25 кКал
Индейка сырая. мясо и кожа целой тушки,0.13 г,21.64 г,5.64 г,1 кКал
Индейка запечённая (мясо и кожа целой тушки),0.06 г,28.55 г,7.39 г,0 кКал
Утка (мясо утиное) сырое мясо. без кожи,0.94 г,18.28 г,5.95 г,4 кКал
Утка (мясо утиное) запечённая (мясо без кожи),0.00 г,23.48 г,11.20 г,201 кКал
Печень утиная сырая,3.53 г,18.74 г,4.64 г,14 кКал
Мясо гусиное сырое,0.00 г,15.86 г,33.62 г,371 кКал
Гусь запечённый,0.00 г,25.16 г,21.92 г,305 кКал
Страусиное мясо сырое. вырезка,0.00 г,22.07 г,3.19 г,123 кКал
Куриная печень жареная,1.11 г,25.78 г,6.43 г,4 кКал
Куриные лапки приготовленные,0.20 г,19.40 г,14.60 г,1 кКал
Голень индейки сырая. без кожи,0.14 г,23.66 г,1.48 г,1 кКал
Голень индейки запечённая (без кожи),0.00 г,30.13 г,2.08 г,139 кКал
Бедро индейки (филе) запечённое,0.00 г,27.71 г,6.04 г,165 кКал
Бедро индейки (филе) сырое,0.15 г,21.28 г,2.50 г,1 кКал
Куриная грудка варёная или тушёная (без кожи),0.00 г,32.06 г,3.24 г,157 кКал
Куриная грудка запечённая (без кожи),0.00 г,30.54 г,3.17 г,151 кКал
Майонез,0.57 г,0.96 г,74.85 г,2 кКал
Жир говяжий сырой,0.00 г,0.00 г,100.00 г,902 кКал
Жир свиной (сало свиное) сырой,0.00 г,0.00 г,100.00 г,902 кКал
Масло оливковое,0.00 г,0.00 г,100.00 г,884 кКал
Масло пальмовое,0.00 г,0.00 г,100.00 г,884 кКал
Масло кунжутное,0.00 г,0.00 г,100.00 г,884 кКал
Масло рисовых отрубей,0.00 г,0.00 г,100.00 г,884 кКал
Масло зародышей пшеницы,0.00 г,0.00 г,100.00 г,884 кКал
Масло арахисовое,0.00 г,0.00 г,100.00 г,884 кКал
Масло соевое,0.00 г,0.00 г,100.00 г,884 кКал
Масло кокосовое,0.00 г,0.00 г,99.06 г,892 кКал
Колбаса варёная,6.31 г,10.34 г,23.77 г,25 кКал
Колбаса копчёная,3.72 г,10.84 г,29.63 г,15 кКал
Манка крупа манная сухая,78.00 г,10.60 г,0.50 г,312 кКал
Мюсли в сухом виде (с сухофруктами и орехами),74.90 г,8.60 г,5.40 г,300 кКал
Мюсли запечённые (гранола) в сухом виде. хрустящие. с мёдом,53.88 г,13.67 г,24.31 г,216 кКал
Каша овсяная (овсянка) на воде (приготовленная),12.00 г,2.54 г,1.52 г,48 кКал
Овсяные хлопья сухие (быстрого приготовления),67.70 г,13.15 г,6.52 г,271 кКал
Манная каша на воде,10.92 г,1.82 г,0.34 г,44 кКал
Воздушный рис готовый к употреблению,89.80 г,6.30 г,0.50 г,359 кКал
Воздушная пшеница готовая к употреблению,79.60 г,14.70 г,1.20 г,318 кКал
Крупа кукурузная сухая,79.91 г,6.72 г,1.49 г,320 кКал
Крупа кукурузная на воде (каша приготовленная),13.86 г,1.23 г,0.39 г,55 кКал
Крупа пшеничная сухая,75.20 г,11.20 г,2.00 г,301 кКал
Каша пшеничная на воде (варёная),13.70 г,2.00 г,0.40 г,55 кКал
Дыня свежая,9.09 г,0.54 г,0.14 г,36 кКал
Нектарины свежие,10.55 г,1.06 г,0.32 г,42 кКал
Шелковица свежая,9.80 г,1.44 г,0.39 г,39 кКал
Маслины консервированные,5.61 г,0.97 г,6.87 г,22 кКал
Оливки зелёные консервированные,3.84 г,1.03 г,15.32 г,15 кКал
Логанова ягода замороженная,13.02 г,1.52 г,0.31 г,52 кКал
Лонган свежий,15.14 г,1.31 г,0.10 г,61 кКал
Мушмула свежая,12.14 г,0.43 г,0.20 г,49 кКал
Антильский абрикос свежий,12.50 г,0.50 г,0.50 г,50 кКал
Манго свежее,14.98 г,0.82 г,0.38 г,60 кКал
Мангостин консервированный,17.91 г,0.41 г,0.58 г,72 кКал
Манго сушёное,78.58 г,2.45 г,1.18 г,314 кКал
Дыня Канталупа свежая,8.16 г,0.84 г,0.19 г,33 кКал
Мандарины свежие,13.34 г,0.81 г,0.31 г,53 кКал
Сок мандариновый свежий,10.10 г,0.50 г,0.20 г,40 кКал
Папайя свежая,10.82 г,0.47 г,0.26 г,43 кКал
Сок папайи (нектар) консервированный,14.51 г,0.17 г,0.15 г,58 кКал
Маракуйя свежая,23.38 г,2.20 г,0.70 г,94 кКал
Апельсины свежие,11.75 г,0.94 г,0.12 г,47 кКал
Сок апельсиновый свежевыжатый,10.40 г,0.70 г,0.20 г,42 кКал
Сок апельсиновый консервированный,11.01 г,0.68 г,0.15 г,44 кКал
Цедра апельсина (кожура) свежая,25.00 г,1.50 г,0.20 г,100 кКал
Сок персиковый (нектар) консервированный,13.92 г,0.27 г,0.02 г,56 кКал
Груша свежая,15.23 г,0.36 г,0.14 г,61 кКал
Груша сушёная (вяленая),69.70 г,1.87 г,0.63 г,279 кКал
Сок грушевый (нектар) консервированный,15.76 г,0.11 г,0.01 г,63 кКал
Хурма свежая,33.50 г,0.80 г,0.40 г,134 кКал
Ананас свежий,13.12 г,0.54 г,0.12 г,52 кКал
Персик свежие. без косточек,9.54 г,0.91 г,0.25 г,38 кКал
Персик сушёный,83.18 г,4.89 г,1.03 г,333 кКал
Персик вяленый,61.33 г,3.61 г,0.76 г,245 кКал
Гранат свежий,18.70 г,1.67 г,1.17 г,75 кКал
Опунция (плоды) свежая,9.57 г,0.73 г,0.51 г,38 кКал
Слива сушёная низкое содержание воды,89.07 г,3.70 г,0.73 г,356 кКал
Чернослив,28.08 г,0.96 г,0.16 г,112 кКал
Помело свежее,9.62 г,0.76 г,0.04 г,38 кКал
Айва свежая,15.30 г,0.40 г,0.10 г,61 кКал
Изюм без косточек,79.52 г,3.39 г,0.46 г,318 кКал
Сок ананасовый консервированный,12.87 г,0.36 г,0.12 г,51 кКал
Суринамская вишня свежая,7.49 г,0.80 г,0.40 г,30 кКал
Плантаны в свежем виде,31.89 г,1.30 г,0.37 г,128 кКал
Плантаны приготовленные,31.15 г,0.79 г,0.18 г,125 кКал
Слива свежая,11.42 г,0.70 г,0.28 г,46 кКал
Клубника замороженная,9.13 г,0.43 г,0.11 г,37 кКал
Тамаринд свежий,62.50 г,2.80 г,0.60 г,250 кКал
Арбуз свежий,7.55 г,0.61 г,0.15 г,30 кКал
Коктейльная вишня консервированная,41.97 г,0.22 г,0.21 г,168 кКал
Рамбутан консервированный,20.87 г,0.65 г,0.21 г,83 кКал
Малина свежая,11.94 г,1.20 г,0.65 г,48 кКал
Ревень стебель в сыром виде,4.54 г,0.90 г,0.20 г,18 кКал
Каркаде цветок. свежий,11.31 г,0.96 г,0.64 г,45 кКал
Яванское яблоко свежее,5.70 г,0.60 г,0.30 г,23 кКал
Саподилла плоды свежие,19.96 г,0.44 г,1.10 г,80 кКал
Хурма черная (сапота) свежая,32.10 г,1.45 г,0.46 г,128 кКал
Сметанное яблоко свежее,16.84 г,1.00 г,0.30 г,67 кКал
Клубника свежая,7.68 г,0.67 г,0.30 г,31 кКал
Абрикос свежий,11.12 г,1.40 г,0.39 г,44 кКал
Курага,62.64 г,3.39 г,0.51 г,251 кКал
Абрикосы сушёные низкое содержание воды,82.89 г,4.90 г,0.62 г,332 кКал
Барбадосская вишня свежая,7.69 г,0.40 г,0.30 г,31 кКал
Яблоки свежие,13.81 г,0.26 г,0.17 г,55 кКал
Яблоки запечённые,14.41 г,0.28 г,0.42 г,58 кКал
Яблочное варенье консервированное,16.84 г,0.18 г,0.43 г,67 кКал
Яблоки сушёные,93.53 г,1.32 г,0.58 г,374 кКал
Яблоки вяленые,65.89 г,0.93 г,0.32 г,264 кКал
Сок яблочный консервированный,11.30 г,0.10 г,0.13 г,45 кКал
Голубика свежая,14.49 г,0.74 г,0.33 г,58 кКал
Голубика замороженная,12.17 г,0.42 г,0.64 г,49 кКал
Плоды хлебного дерева свежие,27.12 г,1.07 г,0.23 г,108 кКал
Плоды кариссы свежие,13.63 г,0.50 г,1.30 г,55 кКал
Черимойя свежий,17.71 г,1.57 г,0.68 г,71 кКал
Вишня свежая,12.18 г,1.00 г,0.30 г,49 кКал
Старфрут (карамбола) свежий,6.73 г,1.04 г,0.33 г,27 кКал
Сок абрикосовый (нектар) консервированный,14.39 г,0.37 г,0.09 г,58 кКал
Авокадо свежее,8.53 г,2.00 г,14.66 г,34 кКал
Бананы сушёные,88.28 г,3.89 г,1.81 г,353 кКал
Ежевика свежая,9.61 г,1.39 г,0.49 г,38 кКал
Сок ежевичный консервированный,7.80 г,0.30 г,0.60 г,31 кКал
Бананы свежие,22.84 г,1.09 г,0.33 г,91 кКал
Ежевика замороженная,15.67 г,1.18 г,0.43 г,63 кКал
Смородина красная или белая свежая,13.80 г,1.40 г,0.20 г,55 кКал
Сахарное яблоко свежее,25.20 г,1.70 г,0.60 г,101 кКал
Финики Деглет нур,75.03 г,2.45 г,0.39 г,300 кКал
Бузина свежая,18.40 г,0.66 г,0.50 г,74 кКал
Инжир свежий,19.18 г,0.75 г,0.30 г,77 кКал
Инжир сушёный,63.87 г,3.30 г,0.93 г,255 кКал
Вишня замороженная,11.02 г,0.92 г,0.44 г,44 кКал
Клюква свежая,11.97 г,0.46 г,0.13 г,48 кКал
Клюква сушёная,82.80 г,0.17 г,1.09 г,331 кКал
Смородина чёрная свежая,15.38 г,1.40 г,0.41 г,62 кКал
Виноград (мускатные сорта) свежий,13.93 г,0.81 г,0.47 г,56 кКал
Виноград (красный или зелёный) свежий,18.10 г,0.72 г,0.16 г,72 кКал
Крыжовник свежий,10.18 г,0.88 г,0.58 г,41 кКал
Грейпфрут свежий,10.66 г,0.77 г,0.14 г,43 кКал
Ягоды годжи сушёные,77.06 г,14.26 г,0.39 г,308 кКал
Белый или жёлтый грейпфрут свежий,8.41 г,0.69 г,0.10 г,34 кКал
Сок лимонный свежий,6.90 г,0.35 г,0.24 г,28 кКал
Лимон свежий. без кожуры,9.32 г,1.10 г,0.30 г,37 кКал
Цедра лимона (кожура) свежая,16.00 г,1.50 г,0.30 г,64 кКал
Лайм свежий,10.54 г,0.70 г,0.20 г,42 кКал
Сок лайма свежий,8.42 г,0.42 г,0.07 г,34 кКал
Личи свежие,16.53 г,0.83 г,0.44 г,66 кКал
Сок виноградный консервированный,14.77 г,0.37 г,0.13 г,59 кКал
Физалис свежий,11.20 г,1.90 г,0.70 г,45 кКал
Гуава свежая,14.32 г,2.55 г,0.95 г,57 кКал
Джекфрут свежий,23.25 г,1.72 г,0.64 г,93 кКал
Джамболан свежий,15.56 г,0.72 г,0.23 г,62 кКал
Ююба (китайский финик) свежий,20.23 г,1.20 г,0.20 г,81 кКал
Киви свежий,14.66 г,1.14 г,0.52 г,59 кКал
Кумкват свежий,15.90 г,1.88 г,0.86 г,64 кКал
Яблоки Голден свежие,13.60 г,0.28 г,0.15 г,54 кКал
Яблоки зелёные (Гренни Смит) свежие,13.61 г,0.44 г,0.19 г,54 кКал
Яблоки красные свежие,14.06 г,0.27 г,0.20 г,56 кКал
Ананасы консервированные,15.56 г,0.51 г,0.11 г,62 кКал
Абрикосы консервированные,21.31 г,0.64 г,0.11 г,85 кКал
Фейхоа свежая,15.21 г,0.71 г,0.42 г,61 кКал
Персики консервированные,18.43 г,0.52 г,0.18 г,74 кКал
Груша консервированная,19.08 г,0.24 г,0.18 г,76 кКал
Финики Маджуль,74.97 г,1.81 г,0.15 г,300 кКал
Дуриан свежий,27.09 г,1.47 г,5.33 г,108 кКал
Клементин свежий,12.02 г,0.85 г,0.15 г,48 кКал
Сок грейпфрутовый свежий,9.20 г,0.50 г,0.10 г,37 кКал
Груша Конференция свежая,16.10 г,0.36 г,0.09 г,64 кКал
Кивано свежая,7.56 г,1.78 г,1.26 г,30 кКал
Наранхилья замороженная,5.90 г,0.44 г,0.22 г,24 кКал
Сок сметанного яблока (нектар) консервированный,14.93 г,0.11 г,0.17 г,60 кКал
Сок манго (нектар) консервированный,13.12 г,0.11 г,0.06 г,52 кКал
Сок гранатовый консервированный,13.13 г,0.15 г,0.29 г,53 кКал
Ветчина,3.83 г,16.60 г,8.60 г,15 кКал
Колбаса кровяная,1.29 г,14.60 г,34.50 г,5 кКал
Колбаса докторская,3.05 г,16.37 г,25.39 г,12 кКал
Паштет печёночный,1.50 г,14.20 г,28.00 г,6 кКал
Колбаса Пепперони,1.18 г,19.25 г,46.28 г,5 кКал
Салями,0.72 г,21.07 г,31.65 г,3 кКал
Сосиски,2.42 г,12.00 г,28.73 г,10 кКал
Сосиски молочные,1.92 г,13.28 г,27.61 г,8 кКал
Салат корн свежий,3.60 г,2.00 г,0.40 г,14 кКал
Вигна в сыром виде,8.35 г,2.80 г,0.40 г,33 кКал
Кукуруза в сыром виде,18.70 г,3.27 г,1.35 г,75 кКал
Кукуруза варёная,20.98 г,3.41 г,1.50 г,84 кКал
Кукуруза консервированная,14.34 г,2.29 г,1.22 г,57 кКал
Кукуруза замороженная,20.71 г,3.02 г,0.78 г,83 кКал
Топинамбур в сыром виде,17.44 г,2.00 г,0.01 г,70 кКал
Гриб древесный сырой,6.75 г,0.48 г,0.04 г,27 кКал
Капуста кудрявая в сыром виде,8.75 г,4.28 г,0.93 г,35 кКал
Кресс-салат свежий,5.50 г,2.60 г,0.70 г,22 кКал
Вигна приготовленная (варёная),9.18 г,2.53 г,0.10 г,37 кКал
Огурцы свежие,3.63 г,0.65 г,0.11 г,15 кКал
Листья одуванчика свежие,9.20 г,2.70 г,0.70 г,37 кКал
Баклажан свежий,5.88 г,0.98 г,0.18 г,24 кКал
Эдамаме замороженные,7.61 г,11.22 г,4.73 г,30 кКал
Эдамаме приготовленные,8.91 г,11.91 г,5.20 г,36 кКал
Эндивий свежий,3.35 г,1.25 г,0.20 г,13 кКал
Баклажан приготовленный,8.73 г,0.83 г,0.23 г,35 кКал
Эскариоль приготовленный,3.07 г,1.15 г,0.18 г,12 кКал
Чеснок в сыром виде,33.06 г,6.36 г,0.50 г,132 кКал
Корень имбиря в сыром виде,17.77 г,1.82 г,0.75 г,71 кКал
Салат римский свежий,3.29 г,1.23 г,0.30 г,13 кКал
Салат айсберг свежий,2.97 г,0.90 г,0.14 г,12 кКал
Салат латук свежий,2.87 г,1.36 г,0.15 г,11 кКал
Салат кочанный свежий,2.23 г,1.35 г,0.22 г,9 кКал
Салат латук красный свежий,2.26 г,1.33 г,0.22 г,9 кКал
Шампиньоны варёные или тушёные,5.29 г,2.17 г,0.47 г,21 кКал
Шампиньоны жареные,4.04 г,3.58 г,0.33 г,16 кКал
Шампиньоны сырые,3.26 г,3.09 г,0.34 г,13 кКал
Шампиньоны консервированные,5.09 г,1.87 г,0.29 г,20 кКал
Грибы портобелло сырые,3.87 г,2.11 г,0.35 г,15 кКал
Шампиньоны коричневые сырые,4.30 г,2.50 г,0.10 г,17 кКал
Грибы шиитаке сырые,6.79 г,2.24 г,0.49 г,27 кКал
Грибы лисички сырые,6.86 г,1.49 г,0.53 г,27 кКал
Кольраби свежая,6.20 г,1.70 г,0.10 г,25 кКал
Кольраби (капуста) варёная,6.69 г,1.80 г,0.11 г,27 кКал
Грибы портобелло жареные,4.44 г,3.28 г,0.58 г,18 кКал
Грибы сморчки сырые,5.10 г,3.12 г,0.57 г,20 кКал
Лебеда свежая,7.30 г,4.20 г,0.80 г,29 кКал
Марь белая отваренная,5.00 г,3.20 г,0.70 г,20 кКал
Лук-порей свежий,14.15 г,1.50 г,0.30 г,57 кКал
Лук-порей приготовленный,7.62 г,0.81 г,0.20 г,30 кКал
Чечевица пророщенная в свежем виде,22.14 г,8.96 г,0.55 г,89 кКал
Лук репчатый жареный,7.86 г,0.95 г,10.80 г,31 кКал
Лук зелёный свежий,5.74 г,0.97 г,0.47 г,23 кКал
Лук-батун свежий,6.50 г,1.90 г,0.40 г,26 кКал
Лук репчатый красный (сладкий) свежий,7.55 г,0.80 г,0.08 г,30 кКал
Петрушка свежая,6.33 г,2.97 г,0.79 г,25 кКал
Пастернак корень в сыром виде,17.99 г,1.20 г,0.30 г,72 кКал
Грибы шиитаке сушёные,75.37 г,9.58 г,0.99 г,301 кКал
Грибы шиитаке приготовленные,14.39 г,1.56 г,0.22 г,58 кКал
Листовая горчица свежая,4.67 г,2.86 г,0.42 г,19 кКал
Шпинат горчичный свежий,3.90 г,2.20 г,0.30 г,16 кКал
Шпинат новозеландский свежий,2.50 г,1.50 г,0.20 г,10 кКал
Бамия в сыром виде,7.45 г,1.93 г,0.19 г,30 кКал
Лук репчатый свежий,9.34 г,1.10 г,0.10 г,37 кКал
Лук репчатый варёный,10.15 г,1.36 г,0.19 г,41 кКал
Перец болгарский зелёный. свежий,4.64 г,0.86 г,0.17 г,19 кКал
Зелёный горошек свежий,14.45 г,5.42 г,0.40 г,58 кКал
Зелёный горошек отварной,15.63 г,5.36 г,0.22 г,63 кКал
Зелёный горошек замороженный,13.62 г,5.22 г,0.40 г,54 кКал
Горох пророщенный в свежем виде,27.11 г,8.80 г,0.68 г,108 кКал
Спаржа замороженная,4.10 г,3.23 г,0.23 г,16 кКал
Бамбуковые побеги в сыром виде,5.20 г,2.60 г,0.30 г,21 кКал
Бамбуковые побеги варёные,1.92 г,1.53 г,0.22 г,8 кКал
Бамбуковые побеги консервированные,3.22 г,1.72 г,0.40 г,13 кКал
Фасоль красная (Кидни) пророщенная в свежем виде,4.10 г,4.20 г,0.50 г,16 кКал
Семена люцерны пророщенные в свежем виде,2.10 г,3.99 г,0.69 г,8 кКал
Листья амаранта свежие,4.02 г,2.46 г,0.33 г,16 кКал
Артишоки свежие,10.51 г,3.27 г,0.15 г,42 кКал
Артишоки варёные,11.95 г,2.89 г,0.34 г,48 кКал
Артишоки замороженные,7.75 г,2.63 г,0.43 г,31 кКал
Спаржа в сыром виде,3.88 г,2.20 г,0.12 г,16 кКал
Спаржа варёная,4.11 г,2.40 г,0.22 г,16 кКал
Спаржа консервированная,2.46 г,2.14 г,0.65 г,10 кКал
Фасоль стручковая в сыром виде. спаржевая,6.97 г,1.83 г,0.22 г,28 кКал
Фасоль стручковая варёная (спаржевая),7.88 г,1.89 г,0.28 г,32 кКал
Фасоль стручковая замороженная (спаржевая),7.54 г,1.79 г,0.21 г,30 кКал
Маш пророщенный в свежем виде,5.94 г,3.04 г,0.18 г,24 кКал
Свекла консервированная,7.21 г,0.91 г,0.14 г,29 кКал
Ботва свекольная в свежем виде,4.33 г,2.20 г,0.13 г,17 кКал
Бобы зелёные свежие,11.70 г,5.60 г,0.60 г,47 кКал
Бобы зелёные варёные,10.10 г,4.80 г,0.50 г,40 кКал
Брокколи варёная,7.18 г,2.38 г,0.41 г,29 кКал
Брокколи свежая,6.64 г,2.82 г,0.37 г,27 кКал
Брокколи замороженная,5.35 г,3.06 г,0.34 г,21 кКал
Брокколи рааб свежая,2.85 г,3.17 г,0.49 г,11 кКал
Брокколи рааб приготовленная,3.12 г,3.83 г,0.52 г,12 кКал
Брюссельская капуста свежая,8.95 г,3.38 г,0.30 г,36 кКал
Брюссельская капуста варёная,7.10 г,2.55 г,0.50 г,28 кКал
Свекла варёная,9.96 г,1.68 г,0.18 г,40 кКал
Свекла сырая,9.56 г,1.61 г,0.17 г,38 кКал
Капуста квашеная (кимчи),2.40 г,1.10 г,0.50 г,10 кКал
Артишоки испанские свежие,4.07 г,0.70 г,0.10 г,16 кКал
Артишоки испанские варёные,5.33 г,0.76 г,0.11 г,21 кКал
Морковь сырая (свежая),9.58 г,0.93 г,0.24 г,38 кКал
Морковь варёная,8.22 г,0.76 г,0.18 г,33 кКал
Морковь консервированная,5.54 г,0.64 г,0.19 г,22 кКал
Морковь замороженная,7.90 г,0.78 г,0.46 г,32 кКал
Брюссельская капуста замороженная,7.86 г,3.78 г,0.41 г,31 кКал
Корень лопуха в сыром виде,17.34 г,1.53 г,0.15 г,69 кКал
Корень лопуха отваренный,21.15 г,2.09 г,0.14 г,85 кКал
Белокопытник в сыром виде,3.61 г,0.39 г,0.04 г,14 кКал
Белокопытник отваренный,2.16 г,0.23 г,0.02 г,9 кКал
Капуста свежая. белокачанная,5.80 г,1.28 г,0.10 г,23 кКал
Капуста красная свежая,7.37 г,1.43 г,0.16 г,29 кКал
Капуста варёная (белокачанная),5.51 г,1.27 г,0.06 г,22 кКал
Капуста савойская свежая,6.10 г,2.00 г,0.10 г,24 кКал
Капуста пекинская свежая,2.18 г,1.50 г,0.20 г,9 кКал
Листья цикория свежие,4.70 г,1.70 г,0.30 г,19 кКал
Корень цикория в сыром виде,17.51 г,1.40 г,0.20 г,70 кКал
Шнитт-лук свежий,4.35 г,3.27 г,0.73 г,17 кКал
Капуста листовая свежая,5.42 г,3.02 г,0.61 г,22 кКал
Капуста листовая приготовленная (отваренная),5.65 г,2.71 г,0.72 г,23 кКал
Кинза (листья кориандра) свежие,3.67 г,2.13 г,0.52 г,15 кКал
Маниок в сыром виде,38.06 г,1.36 г,0.28 г,152 кКал
Цветная капуста свежая,4.97 г,1.92 г,0.28 г,20 кКал
Цветная капуста варёная,4.11 г,1.84 г,0.45 г,16 кКал
Цветная капуста замороженная,4.68 г,2.01 г,0.27 г,19 кКал
Корень сельдерея в сыром виде,9.20 г,1.50 г,0.30 г,37 кКал
Корень сельдерея отваренный,5.90 г,0.96 г,0.19 г,24 кКал
Сельдерей свежий,2.97 г,0.69 г,0.17 г,12 кКал
Мангольд свежий,3.74 г,1.80 г,0.20 г,15 кКал
Чайот в сыром виде,4.51 г,0.82 г,0.13 г,18 кКал
Таро клубни в сыром виде,26.46 г,1.50 г,0.20 г,106 кКал
Таро приготовленные клубни,34.60 г,0.52 г,0.11 г,138 кКал
Помидоры зелёные в сыром виде,5.10 г,1.20 г,0.20 г,20 кКал
Помидоры свежие,3.89 г,0.88 г,0.20 г,16 кКал
Помидоры приготовленные,4.01 г,0.95 г,0.11 г,16 кКал
Батат в сыром виде,20.12 г,1.57 г,0.05 г,80 кКал
Батат печёный,20.71 г,2.01 г,0.15 г,83 кКал
Репа сырая,6.43 г,0.90 г,0.10 г,26 кКал
Репа приготовленная,5.06 г,0.71 г,0.08 г,20 кКал
Томатная паста консервированная,18.91 г,4.32 г,0.47 г,76 кКал
Жеруха в сыром виде,1.29 г,2.30 г,0.10 г,5 кКал
Ботва репы свежая,7.13 г,1.50 г,0.30 г,29 кКал
Ямс сырой,27.88 г,1.53 г,0.17 г,112 кКал
Ямс приготовленный,27.48 г,1.49 г,0.14 г,110 кКал
Щавель свежий,3.20 г,2.00 г,0.70 г,13 кКал
Фасоль пёстрая (Пинто) пророщенная в свежем виде,11.60 г,5.25 г,0.90 г,46 кКал
Сок морковный консервированный,9.28 г,0.95 г,0.15 г,37 кКал
Спирулина в сыром виде,2.42 г,5.92 г,0.39 г,10 кКал
Картофель сырой,17.49 г,2.05 г,0.09 г,70 кКал
Побеги лаконоса в сыром виде,3.70 г,2.60 г,0.40 г,15 кКал
Картофель красный в сыром виде,15.90 г,1.89 г,0.14 г,64 кКал
Картофель запечённый,21.55 г,1.96 г,0.10 г,86 кКал
Картофель варёный в мундире,20.13 г,1.87 г,0.10 г,81 кКал
Перец болгарский замороженный (зелёный),4.45 г,1.08 г,0.21 г,18 кКал
Картофель варёный,20.01 г,1.71 г,0.10 г,80 кКал
Картофель жареный,35.11 г,3.00 г,12.52 г,140 кКал
Картофельные хлопья в сухом виде (пюре быстрого приготовления),81.17 г,8.34 г,0.41 г,325 кКал
Листья тыквы свежие,2.33 г,3.15 г,0.40 г,9 кКал
Тыква в сыром виде,6.50 г,1.00 г,0.10 г,26 кКал
Тыква варёная или запечённая,4.90 г,0.72 г,0.07 г,20 кКал
Портулак свежий,3.39 г,2.03 г,0.36 г,14 кКал
Редиска свежая,3.40 г,0.68 г,0.10 г,14 кКал
Дайкон свежий,4.10 г,0.60 г,0.10 г,16 кКал
Картофель фри,25.55 г,2.75 г,5.48 г,102 кКал
Картофель замороженный,17.47 г,2.38 г,0.16 г,70 кКал
Крахмал картофельный,83.10 г,6.90 г,0.34 г,332 кКал
Зелёные соевые бобы отваренные,11.05 г,12.35 г,6.40 г,44 кКал
Соевые бобы пророщенные в свежем виде,9.57 г,13.09 г,6.70 г,38 кКал
Зелёные соевые бобы свежие,11.05 г,12.95 г,6.80 г,44 кКал
Шпинат свежий,3.63 г,2.86 г,0.39 г,15 кКал
Шпинат варёный,3.75 г,2.97 г,0.26 г,15 кКал
Шпинат консервированный,3.40 г,2.81 г,0.50 г,14 кКал
Шпинат замороженный,4.21 г,3.63 г,0.57 г,17 кКал
Брюква в сыром виде,8.62 г,1.08 г,0.16 г,34 кКал
Козлобородник (корень козлобородника) в сыром виде,18.60 г,3.30 г,0.20 г,74 кКал
Капуста квашеная,4.28 г,0.91 г,0.14 г,17 кКал
Ирландский мох в сыром виде,12.29 г,1.51 г,0.16 г,49 кКал
Морская капуста в сыром виде,9.57 г,1.68 г,0.56 г,38 кКал
Водоросли нори в сыром виде,5.11 г,5.81 г,0.28 г,20 кКал
Тыква Баттернат в сыром виде,11.69 г,1.00 г,0.10 г,47 кКал
Тыква Хаббард в сыром виде,8.70 г,2.00 г,0.50 г,35 кКал
Тыква Спагетти в сыром виде,6.91 г,0.64 г,0.57 г,28 кКал
Тыква Крукнек (кривошейка) в сыром виде,3.88 г,1.01 г,0.27 г,16 кКал
Патиссон в сыром виде,3.84 г,1.20 г,0.20 г,15 кКал
Патиссон приготовленный,3.30 г,1.03 г,0.17 г,13 кКал
Кабачок в сыром виде,3.11 г,1.21 г,0.32 г,12 кКал
Кабачок жареный или запечённый (без масла),2.69 г,1.14 г,0.36 г,11 кКал
Кабачок замороженный,3.58 г,1.16 г,0.13 г,14 кКал
Кабачковая икра кабачок консервированный,6.85 г,1.03 г,0.11 г,27 кКал
Тыква Акорн в сыром виде,10.42 г,0.80 г,0.10 г,42 кКал
Сок томатный консервированный. без соли,3.53 г,0.85 г,0.29 г,14 кКал
Перец болгарский красный замороженный,4.45 г,1.08 г,0.21 г,18 кКал
Перец болгарский жёлтый свежий,6.32 г,1.00 г,0.21 г,25 кКал
Радиккьо свежий,4.48 г,1.43 г,0.25 г,18 кКал
Кабачки молодые в сыром виде,3.11 г,2.71 г,0.40 г,12 кКал
Грибы эноки сырые,7.81 г,2.66 г,0.29 г,31 кКал
Физалис овощной свежий,5.84 г,0.96 г,1.02 г,23 кКал
Фенхель в сыром виде (плод или корень),7.30 г,1.24 г,0.20 г,29 кКал
Руккола свежая,3.65 г,2.58 г,0.66 г,15 кКал
Сердцевина пальмы консервированная,4.62 г,2.52 г,0.62 г,18 кКал
Перец чили острый высушенный на солнце,69.86 г,10.58 г,5.81 г,279 кКал
Опунция (листья) в сыром виде,3.33 г,1.32 г,0.09 г,13 кКал
Картофельное пюре с молоком и маслом. приготовленное,16.81 г,1.86 г,4.22 г,67 кКал
Кетчуп,27.40 г,1.04 г,0.10 г,110 кКал
Огурцы солёные (маринованные),2.26 г,0.33 г,0.20 г,9 кКал
Кипрей (листья кипрея) свежий,19.22 г,4.71 г,2.75 г,77 кКал
Грибы вешенки сырые,6.09 г,3.31 г,0.41 г,24 кКал
Грибы соломенные консервированные,4.64 г,3.83 г,0.68 г,19 кКал
Грибы майтаке сырые,6.97 г,1.94 г,0.19 г,28 кКал
Васаби корень в сыром виде,23.54 г,4.80 г,0.63 г,94 кКал
Брокколи китайская свежая,4.67 г,1.20 г,0.76 г,19 кКал
Папоротник (побеги) в сыром виде,5.54 г,4.55 г,0.40 г,22 кКал
Брокколи китайская приготовленная,3.81 г,1.14 г,0.72 г,15 кКал
Лемонграсс свежий,25.31 г,1.82 г,0.49 г,101 кКал
Виноградные листья свежие,17.31 г,5.60 г,2.12 г,69 кКал
Помидоры оранжевые свежие,3.18 г,1.16 г,0.19 г,13 кКал
Помидоры жёлтые свежие,2.98 г,0.98 г,0.26 г,12 кКал
Спирулина сушёная (в виде порошка),23.90 г,57.47 г,7.72 г,96 кКал
Водоросли вакаме в сыром виде,9.14 г,3.03 г,0.64 г,37 кКал
Перец чили зелёный острый свежий,9.46 г,2.00 г,0.20 г,38 кКал
Картофель запечённый в кожуре,21.15 г,2.50 г,0.13 г,85 кКал
Лук-шалот свежий,16.80 г,2.50 г,0.10 г,67 кКал
Морковь сушёная,79.57 г,8.10 г,1.49 г,318 кКал
Перец чили красный острый свежий,8.81 г,1.87 г,0.44 г,35 кКал
Перец болгарский красный свежий,6.03 г,0.99 г,0.30 г,24 кКал
Зелёный горошек консервированный,12.58 г,4.42 г,0.35 г,50 кКал
Семена гулявника,58.26 г,12.14 г,4.60 г,233 кКал
Мука кунжутная,26.62 г,30.78 г,37.10 г,106 кКал
Семя льняное,28.88 г,18.29 г,42.16 г,116 кКал
Кунжут необжаренный,11.73 г,20.45 г,61.21 г,47 кКал
Семена лотоса,17.28 г,4.13 г,0.53 г,69 кКал
Кунжут обжаренный,26.04 г,16.96 г,48.00 г,104 кКал
Семена чиа,42.12 г,16.54 г,30.74 г,168 кКал
Семя конопляное,8.67 г,31.56 г,48.75 г,35 кКал
Семена тыквы очищенные,10.71 г,30.23 г,49.05 г,43 кКал
Миндаль свежий,21.55 г,21.15 г,49.93 г,86 кКал
Миндаль жареный,21.01 г,20.96 г,52.54 г,84 кКал
Семечки подсолнуха очищенные,20.00 г,20.78 г,51.46 г,80 кКал
Семечки подсолнуха жареные (очищенные),24.07 г,19.33 г,49.80 г,96 кКал
Мука подсолнечная,35.83 г,48.06 г,1.61 г,143 кКал
Орех серый,12.05 г,24.90 г,56.98 г,48 кКал
Кешью жареный,32.69 г,15.31 г,46.35 г,131 кКал
Кешью сырой,30.19 г,18.22 г,43.85 г,121 кКал
Каштан очищенный. свежий,44.17 г,1.63 г,1.25 г,177 кКал
Буковый орешек,33.50 г,6.20 г,50.00 г,134 кКал
Бразильский орех,11.74 г,14.32 г,67.10 г,47 кКал
Кокосовое молоко свежее,5.54 г,2.29 г,23.84 г,22 кКал
Кокосовое молоко консервированное,2.81 г,2.02 г,21.33 г,11 кКал
Кокосовая вода свежая,3.71 г,0.72 г,0.20 г,15 кКал
Фундук жареный,17.60 г,15.03 г,62.40 г,70 кКал
Фундук свежий,16.70 г,14.95 г,60.75 г,67 кКал
Орех макадамия,13.82 г,7.91 г,75.77 г,55 кКал
Орех макадамия жареный,13.38 г,7.79 г,76.08 г,54 кКал
Мякоть кокоса свежая,15.23 г,3.33 г,33.49 г,61 кКал
Кокосовая стружка неподслащённая,23.65 г,6.88 г,64.53 г,95 кКал
Фисташки свежие,27.17 г,20.16 г,45.32 г,109 кКал
Фисташки жареные (без соли),28.28 г,21.05 г,45.82 г,113 кКал
Чёрный орех,9.58 г,24.06 г,59.33 г,38 кКал
Грецкий орех,13.71 г,15.23 г,65.21 г,55 кКал
Пекан,13.86 г,9.17 г,71.97 г,55 кКал
Орех пили,3.98 г,10.80 г,79.55 г,16 кКал
Кедровый орех без скорлупы,13.08 г,13.69 г,68.37 г,52 кКал
Фисташки жареные солёные,27.55 г,21.05 г,45.82 г,110 кКал
Говяжий мозг сырой,1.05 г,10.86 г,10.30 г,4 кКал
Говяжий мозг жареный,0.00 г,12.57 г,15.83 г,196 кКал
Говяжье сердце сырое,0.14 г,17.72 г,3.94 г,1 кКал
Говяжье сердце отварное,0.15 г,28.48 г,4.73 г,1 кКал
Говяжьи почки сырые,0.29 г,17.40 г,3.09 г,1 кКал
Говяжьи почки варёные,0.00 г,27.27 г,4.65 г,158 кКал
Говяжья печень сырая,3.89 г,20.36 г,3.63 г,16 кКал
Говяжья печень тушёная или жареная,5.13 г,29.08 г,5.26 г,21 кКал
Говяжье лёгкое сырое,0.00 г,16.20 г,2.50 г,92 кКал
Говяжье лёгкое отварное или тушёное,0.00 г,20.40 г,3.70 г,120 кКал
Говяжья тушёнка консервированная,0.00 г,20.52 г,17.57 г,246 кКал
Свинина жареная приготовленная,0.00 г,29.36 г,7.86 г,196 кКал
Свиные ножки отварные,0.00 г,21.94 г,16.05 г,238 кКал
Свиной хвост в сыром виде,0.00 г,17.75 г,33.50 г,378 кКал
Свиной хвост приготовленный,0.00 г,17.00 г,35.80 г,396 кКал
Вырезка свиная сырая,0.00 г,20.65 г,3.53 г,120 кКал
Фарш свиной сырой. 20% жира,0.00 г,16.88 г,21.19 г,263 кКал
Фарш свиной приготовленный (20% жира),0.00 г,25.69 г,20.77 г,297 кКал
Мясо свиное без жира (филе) сырое,0.00 г,21.23 г,5.88 г,144 кКал
Филе свиное приготовленное,0.00 г,29.47 г,9.44 г,211 кКал
Рёбрышки свиные (кантри) в сыром виде,0.00 г,19.34 г,11.82 г,189 кКал
Корейка свиная запечённая,0.00 г,27.23 г,13.62 г,239 кКал
Корейка свиная в сыром виде,0.00 г,19.74 г,12.58 г,198 кКал
Сало свиное (без прослойки) сырое,0.00 г,2.92 г,88.69 г,812 кКал
Сало свиное (с прослойкой) сырое,0.00 г,9.34 г,53.01 г,518 кКал
Свиной окорок и кострец в сыром виде,0.00 г,20.27 г,10.63 г,182 кКал
Свиная рулька. голяшка в сыром виде,0.00 г,19.87 г,11.96 г,193 кКал
Свинина в сыром виде. мясо с жиром,0.00 г,21.55 г,6.94 г,155 кКал
Свинина тушёная приготовленная,0.00 г,29.20 г,8.31 г,200 кКал
Свинина. запечённая в духовке приготовленная,0.00 г,26.62 г,9.14 г,196 кКал
Рёбрышки (рёбра) свиные в сыром виде,0.00 г,15.47 г,23.40 г,277 кКал
Свиной мозг в сыром виде,0.00 г,10.28 г,9.21 г,127 кКал
Свиной мозг приготовленный,0.00 г,12.14 г,9.51 г,138 кКал
Свиные кишки в сыром виде,0.00 г,7.64 г,16.61 г,182 кКал
Свиные кишки приготовленные,0.00 г,12.49 г,20.32 г,233 кКал
Шейка свиная (шея) в сыром виде,0.00 г,17.42 г,12.36 г,186 кКал
Свиная селезёнка в сыром виде,0.00 г,17.86 г,2.59 г,100 кКал
Свиная селезёнка приготовленная,0.00 г,28.20 г,3.20 г,149 кКал
Свиной желудок в сыром виде,0.00 г,16.85 г,10.14 г,159 кКал
Свиной язык в сыром виде,0.00 г,16.30 г,17.20 г,225 кКал
Свиной язык отварной,0.00 г,24.10 г,18.60 г,271 кКал
Свиные уши варёные,0.20 г,15.95 г,10.80 г,1 кКал
Свиные ножки в сыром виде,0.00 г,23.16 г,12.59 г,212 кКал
Свиное сердце в сыром виде,1.33 г,17.27 г,4.36 г,5 кКал
Свиные уши в сыром виде,0.60 г,22.45 г,15.10 г,2 кКал
Свиное сердце варёное или тушёное,0.40 г,23.60 г,5.05 г,2 кКал
Свиная щековина в сыром виде,0.00 г,6.38 г,69.61 г,655 кКал
Свиные почки в сыром виде,0.00 г,16.46 г,3.25 г,100 кКал
Свиные почки тушёные,0.00 г,25.40 г,4.70 г,151 кКал
Нутряной свиной жир в сыром виде,0.00 г,1.76 г,94.16 г,857 кКал
Свиная печень жареная или тушёная,3.76 г,26.02 г,4.40 г,15 кКал
Свиное лёгкое в сыром виде,0.00 г,14.08 г,2.72 г,85 кКал
Свиное лёгкое варёное,0.00 г,16.60 г,3.10 г,99 кКал
Свиная печень в сыром виде,2.47 г,21.39 г,3.65 г,10 кКал
Свиная поджелудочная железа в сыром виде,0.00 г,18.56 г,13.24 г,199 кКал
Свиная поджелудочная железа приготовленная,0.00 г,28.50 г,10.80 г,219 кКал
Карбонат свиной в сыром виде,0.00 г,21.14 г,12.96 г,201 кКал
Свиной желудок отварной,0.09 г,21.40 г,7.26 г,0 кКал
Сало свиное топлёное (смалец),0.00 г,0.07 г,99.50 г,898 кКал
Грудинка свиная в сыром виде,0.00 г,22.54 г,3.40 г,127 кКал
Лопатка свиная в сыром виде,0.00 г,21.65 г,3.91 г,128 кКал
Вода,0.00 г,0.00 г,0.00 г,0 кКал
Вино десертное сухое,11.67 г,0.20 г,0.00 г,47 кКал
Окунь речной запечённый,0.00 г,24.18 г,4.73 г,146 кКал
Масляная рыба (эсколар) копчёная,0.00 г,22.15 г,10.28 г,187 кКал
Менёк запечённый,0.00 г,24.35 г,0.88 г,112 кКал
Налим запечённый,0.00 г,24.76 г,1.04 г,115 кКал
Махи-махи (корифена) запечённая,0.00 г,23.72 г,0.90 г,109 кКал
Мольва запечённая,0.00 г,24.35 г,0.82 г,111 кКал
Терпуг запечённый,0.00 г,22.64 г,1.36 г,109 кКал
Устрицы сырые,2.72 г,5.71 г,1.71 г,11 кКал
Морской гребешок сырой,3.18 г,12.06 г,0.49 г,13 кКал
Кальмар сырой,3.08 г,15.58 г,1.38 г,12 кКал
Кальмар приготовленный (жареный),7.79 г,17.94 г,7.48 г,31 кКал
Форель запечённая,0.00 г,26.63 г,8.47 г,190 кКал
Зубатка запечённая,0.00 г,22.44 г,3.06 г,123 кКал
Желтохвост (лакедра) запечённый,0.00 г,29.67 г,6.72 г,187 кКал
Каракатица приготовленная,1.64 г,32.48 г,1.40 г,7 кКал
Сом жареный,0.00 г,18.47 г,2.85 г,105 кКал
Осьминог варёный,4.40 г,29.82 г,2.08 г,18 кКал
Молочная рыба (ханос) запечённая,0.00 г,26.32 г,8.63 г,190 кКал
Морской чёрт приготовленный,0.00 г,18.56 г,1.95 г,97 кКал
Судак запечённый,0.00 г,24.54 г,1.56 г,119 кКал
Минтай запечённый,0.00 г,24.92 г,1.26 г,118 кКал
Икра красная или чёрная приготовленная (термически обработанная),1.92 г,28.62 г,8.23 г,8 кКал
Сёмга запечённая,0.00 г,25.44 г,8.13 г,182 кКал
Кета запечённая,0.00 г,25.82 г,4.83 г,154 кКал
Горбуша запечённая,0.00 г,24.58 г,5.28 г,153 кКал
Чавыча запечённая,0.00 г,25.72 г,13.38 г,231 кКал
Тилапия сырая,0.00 г,20.08 г,1.70 г,96 кКал
Тилапия запечённая,0.00 г,26.15 г,2.65 г,128 кКал
Устрицы запечённые,4.23 г,8.87 г,2.65 г,17 кКал
Кижуч запечённый,0.00 г,23.45 г,4.30 г,139 кКал
Треска сырая,0.00 г,17.54 г,0.20 г,72 кКал
Треска запечённая,0.00 г,20.42 г,0.25 г,84 кКал
Креветки варёные,0.20 г,23.98 г,0.28 г,1 кКал
Креветки сырые,0.00 г,20.10 г,0.51 г,85 кКал
Горбыль жареный,7.54 г,18.20 г,12.67 г,30 кКал
Менёк сырой,0.00 г,18.99 г,0.69 г,87 кКал
Махи-махи (корифена) сырая,0.00 г,18.50 г,0.70 г,85 кКал
Горбыль сырой,0.00 г,17.78 г,3.17 г,104 кКал
Угорь сырой,0.00 г,18.44 г,11.66 г,184 кКал
Угорь запечённый или копчёный,0.00 г,23.65 г,14.95 г,236 кКал
Камбала сырая,0.00 г,12.41 г,1.93 г,70 кКал
Камбала жареная,0.00 г,15.24 г,2.37 г,86 кКал
Групер сырой,0.00 г,19.38 г,1.02 г,92 кКал
Групер запечённый,0.00 г,24.84 г,1.30 г,118 кКал
Анчоусы сырые,0.00 г,20.35 г,4.84 г,131 кКал
Анчоусы консервированные (в масле),0.00 г,28.89 г,9.71 г,210 кКал
Окунь речной сырой,0.00 г,18.86 г,3.69 г,114 кКал
Налим сырой,0.00 г,19.31 г,0.81 г,90 кКал
Масляная рыба (эсколар) сырая,0.00 г,17.28 г,8.02 г,146 кКал
Карп сырой,0.00 г,17.83 г,5.60 г,127 кКал
Карп запечённый,0.00 г,22.86 г,7.17 г,162 кКал
Омуль сырой,0.00 г,18.99 г,1.91 г,98 кКал
Сом сырой,0.00 г,16.38 г,2.82 г,95 кКал
Омуль запечённый,0.00 г,16.36 г,11.90 г,177 кКал
Молочная рыба (ханос) сырая,0.00 г,20.53 г,6.73 г,148 кКал
Морской чёрт сырой,0.00 г,14.48 г,1.52 г,76 кКал
Кефаль сырая,0.00 г,19.35 г,3.79 г,117 кКал
Кефаль запечённая,0.00 г,24.81 г,4.86 г,150 кКал
Окунь морской (красный) сырой,0.00 г,15.31 г,1.54 г,79 кКал
Окунь морской (красный) запечённый,0.00 г,18.51 г,1.87 г,96 кКал
Щука сырая,0.00 г,19.26 г,0.69 г,88 кКал
Щука приготовленная,0.00 г,24.69 г,0.88 г,113 кКал
Судак сырой,0.00 г,19.14 г,1.22 г,93 кКал
Минтай сырой,0.00 г,19.44 г,0.98 г,92 кКал
Палтус сырой,0.00 г,18.56 г,1.33 г,91 кКал
Палтус запечённый,0.00 г,22.54 г,1.61 г,111 кКал
Сельдь сырая,0.00 г,17.96 г,9.04 г,158 кКал
Сельдь солёная,9.64 г,14.19 г,18.00 г,39 кКал
Сельдь копчёная,0.00 г,24.58 г,12.37 г,217 кКал
Сельдь запечённая,0.00 г,23.03 г,11.59 г,203 кКал
Мольва сырая,0.00 г,18.99 г,0.64 г,87 кКал
Терпуг сырой,0.00 г,17.66 г,1.06 г,85 кКал
Скумбрия сырая,0.00 г,18.60 г,13.89 г,205 кКал
Скумбрия запечённая,0.00 г,23.85 г,17.81 г,262 кКал
Ставрида консервированная,0.00 г,23.19 г,6.30 г,156 кКал
Нерка сырая,0.00 г,22.25 г,4.69 г,131 кКал
Нерка запечённая,0.00 г,26.48 г,5.57 г,156 кКал
Сардина консервированная в масле,0.00 г,24.62 г,11.45 г,208 кКал
Сибас сырой,0.00 г,18.43 г,2.00 г,97 кКал
Сибас запечённый,0.00 г,23.63 г,2.56 г,124 кКал
Мясо акулы сырое,0.00 г,20.98 г,4.51 г,130 кКал
Мясо акулы жареное,6.39 г,18.62 г,13.82 г,26 кКал
Корюшка сырая,0.00 г,17.63 г,2.42 г,97 кКал
Икра красная или чёрная сырая,1.50 г,22.32 г,6.42 г,6 кКал
Сёмга сырая,0.00 г,19.84 г,6.34 г,142 кКал
Чавыча сырая,0.00 г,19.93 г,10.43 г,179 кКал
Кета сырая,0.00 г,20.14 г,3.77 г,120 кКал
Кижуч сырой,0.00 г,21.62 г,5.93 г,146 кКал
Горбуша сырая,0.00 г,20.50 г,4.40 г,127 кКал
Тунец консервированный в собственном соку,0.00 г,19.44 г,0.96 г,86 кКал
Мерланг сырой,0.00 г,18.31 г,1.31 г,90 кКал
Мерланг запечённый,0.00 г,23.48 г,1.69 г,116 кКал
Луциан (берикс) сырой,0.00 г,20.51 г,1.34 г,100 кКал
Луциан (берикс) запечённый,0.00 г,26.30 г,1.72 г,128 кКал
Корюшка жареная,0.00 г,22.60 г,3.10 г,124 кКал
Осётр сырой,0.00 г,16.14 г,4.04 г,105 кКал
Осётр запечённый,0.00 г,20.70 г,5.18 г,135 кКал
Сурими сырой,6.85 г,15.18 г,0.90 г,27 кКал
Рыба-меч запечённая,0.00 г,23.45 г,7.93 г,172 кКал
Рыба-меч сырая,0.00 г,19.66 г,6.65 г,144 кКал
Форель сырая,0.00 г,20.77 г,6.61 г,148 кКал
Крабовые палочки (сурими) готовые к употреблению,9.13 г,12.39 г,1.47 г,37 кКал
Морские ушки сырые,6.01 г,17.10 г,0.76 г,24 кКал
Морские ушки приготовленные,11.05 г,19.63 г,6.78 г,44 кКал
Моллюски сырые,3.57 г,14.67 г,0.96 г,14 кКал
Моллюски варёные,5.13 г,25.55 г,1.95 г,21 кКал
Каракатица сырая,0.82 г,16.24 г,0.70 г,3 кКал
Мидии сырые,3.69 г,11.90 г,2.24 г,15 кКал
Мидии отварные,7.39 г,23.80 г,4.48 г,30 кКал
Осьминог сырой,2.20 г,14.91 г,1.04 г,9 кКал
Зубатка сырая,0.00 г,17.50 г,2.39 г,96 кКал
Желтохвост (лакедра) сырой,0.00 г,23.14 г,5.24 г,146 кКал
Камчатский краб сырой,0.00 г,18.29 г,0.60 г,84 кКал
Камчатский краб варёный,0.00 г,19.35 г,1.54 г,97 кКал
Краб (мясо краба) сырой,0.04 г,18.06 г,1.08 г,0 кКал
Краб варёный,0.00 г,17.88 г,0.74 г,83 кКал
Раки сырые,0.00 г,15.97 г,0.95 г,77 кКал
Раки варёные,0.00 г,16.77 г,1.20 г,82 кКал
Лобстеры (омары. лангусты) сырые,0.00 г,16.52 г,0.75 г,77 кКал
Лобстеры (омары. лангусты) варёные,0.00 г,19.00 г,0.86 г,89 кКал
Соевое молоко,3.45 г,2.94 г,1.99 г,14 кКал
Французская зеленая фасоль свежая,64.11 г,18.81 г,2.02 г,256 кКал
Французская зеленая фасоль варёная,24.02 г,7.05 г,0.76 г,96 кКал
Фасоль красная (Кидни) сухая,60.01 г,23.58 г,0.83 г,240 кКал
Фасоль красная (Кидни) варёная,22.80 г,8.67 г,0.50 г,91 кКал
Фасоль красная (Кидни) консервированная,14.50 г,5.22 г,0.60 г,58 кКал
Фасоль Адзуки сухая,62.90 г,19.87 г,0.53 г,252 кКал
Фасоль Адзуки варёная,24.77 г,7.52 г,0.10 г,99 кКал
Фасоль чёрная сухая,62.36 г,21.60 г,1.42 г,249 кКал
Фасоль чёрная варёная,23.71 г,8.86 г,0.54 г,95 кКал
Бобы в сыром виде. зрелые,58.29 г,26.12 г,1.53 г,233 кКал
Бобы варёные (зрелые),19.65 г,7.60 г,0.40 г,79 кКал
Бобы консервированные (зрелые),12.41 г,5.47 г,0.22 г,50 кКал
Нут сухой,62.95 г,20.47 г,6.04 г,252 кКал
Нут варёный,27.42 г,8.86 г,2.59 г,110 кКал
Фасоль черноглазая сухая,60.03 г,23.52 г,1.26 г,240 кКал
Фасоль черноглазая варёная,20.76 г,7.73 г,0.53 г,83 кКал
Фасоль белая сухая,60.75 г,22.33 г,1.50 г,243 кКал
Фасоль белая варёная,26.05 г,8.23 г,0.62 г,104 кКал
Фасоль белая консервированная,20.45 г,7.53 г,0.43 г,82 кКал
Фасоль розовая варёная,27.91 г,9.06 г,0.49 г,112 кКал
Фасоль пёстрая (Пинто) сухая,62.55 г,21.42 г,1.23 г,250 кКал
Фасоль пёстрая (Пинто) варёная,26.22 г,9.01 г,0.65 г,105 кКал
Фасоль розовая сухая,64.19 г,20.96 г,1.13 г,257 кКал
Горох сухой. зрелый,63.74 г,23.82 г,1.16 г,255 кКал
Горох варёный на воде (зрелый),21.10 г,8.34 г,0.39 г,84 кКал
Арахис сырой,16.13 г,25.80 г,49.24 г,65 кКал
Арахисовая паста,22.31 г,22.21 г,51.36 г,89 кКал
Чечевица сухая,63.35 г,24.63 г,1.06 г,253 кКал
Фасоль Лима сухая,63.38 г,21.46 г,0.69 г,254 кКал
Фасоль Лима варёная,20.88 г,7.80 г,0.38 г,84 кКал
Чечевица варёная на воде,20.13 г,9.02 г,0.38 г,81 кКал
Люпин (бобы люпина) сухие,40.37 г,36.17 г,9.74 г,161 кКал
Люпин (бобы люпина) приготовленные,9.88 г,15.57 г,2.92 г,40 кКал
Маш варёный,19.15 г,7.02 г,0.38 г,77 кКал
Маш сухой,62.62 г,23.86 г,1.15 г,250 кКал
Соевый жмых,35.89 г,49.20 г,2.39 г,144 кКал
Соевый протеин (изолят) порошок,0.00 г,88.32 г,3.39 г,335 кКал
Соевый соус shoyu. из сои и пшеницы,4.93 г,8.14 г,0.57 г,20 кКал
Соевый соус (тамари. tamari),5.57 г,10.51 г,0.10 г,22 кКал
Соевый соус (гидролизованный),7.84 г,7.00 г,0.51 г,31 кКал
Сыр тофу твердый (полотняный),2.85 г,9.04 г,4.17 г,11 кКал
Сыр тофу ферментированный (fuyu),4.38 г,8.92 г,8.00 г,18 кКал
Голубиный горох сухой,62.78 г,21.70 г,1.49 г,251 кКал
Голубиный горох варёный,23.25 г,6.76 г,0.38 г,93 кКал
Мука арахисовая,31.27 г,33.80 г,21.90 г,125 кКал
Соевые бобы зрелые. в сухом виде,30.16 г,36.49 г,19.94 г,121 кКал
Соевые бобы варёные (зрелые),8.36 г,18.21 г,8.97 г,33 кКал
Темпе,7.64 г,20.29 г,10.80 г,31 кКал
Мука соевая,31.92 г,37.81 г,20.65 г,128 кКал
Мука нутовая,57.82 г,22.39 г,6.69 г,231 кКал
Соевый сыр тофу сухой,1.18 г,9.98 г,5.26 г,5 кКал
Чечевица (красная или розовая) сухая,63.10 г,23.91 г,2.17 г,252 кКал
Арахис жареный,21.26 г,24.35 г,49.66 г,85 кКал
Соевый протеин (концентрат) порошок,25.41 г,63.63 г,0.46 г,102 кКал
Говядина приготовленная (мясо без жира),0.00 г,29.90 г,8.37 г,203 кКал
Говяжий язык сырой,3.68 г,14.90 г,16.09 г,15 кКал
Говяжий рубец сырой,0.00 г,12.07 г,3.69 г,85 кКал
Говяжий язык отварной,0.00 г,19.29 г,22.30 г,284 кКал
Чай чёрный с сахаром и лимоном (приготовленный),10.80 г,0.00 г,0.22 г,43 кКал
Кофе с молоком и сахаром,12.60 г,1.98 г,1.38 г,50 кКал
Кофе зерновой сваренный,0.23 г,0.30 г,0.00 г,1 кКал
Цикорий растворимый (кофе в готовом виде),0.75 г,0.09 г,0.00 г,3 кКал
Чай зелёный с сахаром (приготовленный),6.20 г,0.00 г,0.22 г,25 кКал
Кофе эспрессо в готовом виде,1.67 г,0.12 г,0.18 г,7 кКал
Кофе растворимый приготовленный,0.34 г,0.10 г,0.00 г,1 кКал
Вино розовое,3.80 г,0.36 г,0.00 г,15 кКал
Чай зелёный без сахара. приготовленный,0.00 г,0.00 г,0.00 г,0 кКал
Чай чёрный без сахара. приготовленный,0.00 г,0.00 г,0.00 г,0 кКал
Энергетический напиток Monster Energy,1.38 г,0.00 г,0.00 г,6 кКал
Пиво тёмное или светлое,3.55 г,0.46 г,0.00 г,14 кКал
Водка 40 градусов алкоголя,0.00 г,0.00 г,0.00 г,231 кКал
Виски 43 градуса алкоголя,0.10 г,0.00 г,0.00 г,0 кКал
Ром 40 градусов алкоголя,0.00 г,0.00 г,0.00 г,231 кКал
Вино десертное сладкое,13.69 г,0.20 г,0.00 г,55 кКал
Протеин сывороточный порошок,6.25 г,78.13 г,1.56 г,25 кКал
Джин 45 градусов алкоголя,0.00 г,0.00 г,0.00 г,263 кКал
Вино столовое,2.72 г,0.07 г,0.00 г,11 кКал
Вино красное столовое,2.61 г,0.07 г,0.00 г,10 кКал
Соевый протеин порошок,28.89 г,55.56 г,5.56 г,116 кКал
Вино белое столовое,2.60 г,0.07 г,0.00 г,10 кКал
Энергетический напиток Red Bull,10.23 г,0.46 г,0.00 г,41 кКал
Чай Nestea чёрный с лимоном,9.09 г,0.00 г,0.00 г,36 кКал
Кола без кофеина,10.58 г,0.00 г,0.00 г,42 кКал
Кола,10.36 г,0.00 г,0.25 г,41 кКал
Зефир (маршмеллоу) в шоколаде,67.70 г,4.00 г,16.90 г,271 кКал
Печенье овсяное,68.70 г,6.20 г,18.10 г,275 кКал
Крекер,70.73 г,7.30 г,16.40 г,283 кКал
Хлебцы ржаные,82.20 г,7.90 г,1.30 г,329 кКал
Пончики,47.06 г,5.31 г,24.93 г,188 кКал
Блины,36.70 г,5.20 г,2.50 г,147 кКал
Хлеб из рисовых отрубей,43.50 г,8.90 г,4.60 г,174 кКал
Хлеб ржаной,48.30 г,8.50 г,3.30 г,193 кКал
Хлеб белый пшеничный,47.54 г,10.67 г,4.53 г,190 кКал
Хлеб из пшеничных отрубей,47.80 г,8.80 г,3.40 г,191 кКал
Хлеб из овсяных отрубей,39.80 г,10.40 г,4.40 г,159 кКал
Хлеб овсяный,48.50 г,8.40 г,4.40 г,194 кКал
Лаваш,55.70 г,9.10 г,1.20 г,223 кКал
Кекс шоколадный с шоколадной глазурью,52.84 г,3.48 г,20.05 г,211 кКал
Хлеб пшеничный цельнозерновой,42.71 г,12.45 г,3.50 г,171 кКал
Сухари панировочные,71.98 г,13.35 г,5.30 г,288 кКал
Коржи бисквитные для торта,48.50 г,6.10 г,14.20 г,194 кКал
Коржи шоколадные для торта,53.40 г,5.30 г,15.10 г,214 кКал
Чизкейк,25.50 г,5.50 г,22.50 г,102 кКал
Тортилья,63.49 г,6.41 г,21.79 г,254 кКал
Пита,55.70 г,9.10 г,1.20 г,223 кКал
Булочки из сладкого дрожжевого теста,56.38 г,9.42 г,11.58 г,226 кКал
Фокачча,35.82 г,8.77 г,7.89 г,143 кКал
Шоколад Dove (молочный),59.78 г,5.94 г,31.72 г,239 кКал
Шоколад Dove (тёмный),59.40 г,5.19 г,32.45 г,238 кКал
Мёд,82.40 г,0.30 г,0.00 г,330 кКал
Мороженое шоколадное,28.20 г,3.80 г,11.00 г,113 кКал
Мармелад,69.95 г,0.15 г,0.02 г,280 кКал
Меласса,74.73 г,0.00 г,0.10 г,299 кКал
Попкорн солёный,77.78 г,12.94 г,4.54 г,311 кКал
Попкорн карамельный,79.10 г,3.80 г,12.80 г,316 кКал
Шоколад белый,59.24 г,5.87 г,32.09 г,237 кКал
Мороженое,23.60 г,3.50 г,11.00 г,94 кКал
Щербет,30.40 г,1.10 г,2.00 г,122 кКал
Помадка,93.18 г,0.00 г,0.02 г,373 кКал
Ирис,90.40 г,0.03 г,3.30 г,362 кКал
Карамель,77.00 г,4.60 г,8.10 г,308 кКал
Халва,60.49 г,12.49 г,21.52 г,242 кКал
Шоколад молочный,59.40 г,7.65 г,29.66 г,238 кКал
Шоколадный батончик KitKat,64.59 г,6.51 г,25.99 г,258 кКал
Шоколадный батончик Mars (миндальный),62.70 г,8.10 г,23.00 г,251 кКал
Зефир (маршмэллоу),81.30 г,1.80 г,0.20 г,325 кКал
Шоколадный батончик Snickers,61.51 г,7.53 г,23.85 г,246 кКал
Жевательная резинка,96.70 г,0.00 г,0.30 г,387 кКал
Шоколадный батончик Twix,64.80 г,4.91 г,24.85 г,259 кКал
Какао-порошок,57.90 г,19.60 г,13.70 г,232 кКал
Шоколадный батончик Milky Way,71.17 г,4.01 г,17.23 г,285 кКал
Сахар коричневый,98.09 г,0.12 г,0.00 г,392 кКал
Сахар сахарный песок,99.98 г,0.00 г,0.00 г,400 кКал
Аспартам заменитель сахара,89.08 г,2.17 г,0.00 г,356 кКал
Конфеты Skittles,90.78 г,0.19 г,4.37 г,363 кКал
Сукралоза заменитель сахара,91.17 г,0.00 г,0.00 г,365 кКал
Стевия (сахарозаменитель) заменитель сахара,100.00 г,0.00 г,0.00 г,400 кКал
Шоколад тёмный (45-59% какао),61.17 г,4.88 г,31.28 г,245 кКал
Шоколад тёмный (60-69% какао),52.42 г,6.12 г,38.31 г,210 кКал
Шоколад тёмный (70-85% какао),45.90 г,7.79 г,42.63 г,184 кКал
Сироп агавы заменитель сахара. подсластитель,76.37 г,0.09 г,0.45 г,305 кКал
Чипсы картофельные без соли,67.80 г,7.10 г,20.80 г,271 кКал
Попкорн без соли,77.90 г,12.00 г,4.20 г,312 кКал
Крендельки без соли,79.20 г,9.10 г,3.50 г,317 кКал
Лосятина приготовленная,0.00 г,30.19 г,1.90 г,146 кКал
Козлятина сырая,0.00 г,20.60 г,2.31 г,109 кКал
Козлятина приготовленная,0.00 г,27.10 г,3.03 г,143 кКал
Конина приготовленная,0.00 г,28.14 г,6.05 г,175 кКал
Конина сырая,0.00 г,21.39 г,4.60 г,133 кКал
Крольчатина сырая,0.00 г,20.05 г,5.55 г,136 кКал
Крольчатина приготовленная,0.00 г,29.06 г,8.05 г,197 кКал
Баранина сырая,0.00 г,20.52 г,4.19 г,125 кКал
Баранина приготовленная,0.00 г,28.17 г,6.67 г,180 кКал
Телятина приготовленная,0.00 г,31.90 г,6.58 г,196 кКал
Телятина сырая,0.00 г,20.20 г,2.87 г,112 кКал
Мясо бобра приготовленное,0.00 г,34.85 г,6.96 г,212 кКал
Мясо бифало сырое,0.00 г,23.30 г,4.80 г,143 кКал
Мясо бифало приготовленное,0.00 г,30.66 г,6.32 г,188 кКал
Мясо бобра сырое,0.00 г,24.05 г,4.80 г,146 кКал
Мясо дикого кабана сырое,0.00 г,21.51 г,3.33 г,122 кКал
Мясо дикого кабана приготовленное,0.00 г,28.30 г,4.38 г,160 кКал
Оленина сырая,0.00 г,22.96 г,2.42 г,120 кКал
Оленина приготовленная,0.00 г,30.21 г,3.19 г,158 кКал
Лосятина сырая,0.00 г,22.95 г,1.45 г,111 кКал
Мясо антилопы сырое,0.00 г,22.38 г,2.03 г,114 кКал
Мясо антилопы приготовленное,0.00 г,29.45 г,2.67 г,150 кКал
Медвежатина сырая,0.00 г,20.10 г,8.30 г,161 кКал
Медвежатина приготовленная,0.00 г,32.42 г,13.39 г,259 кКал
Мясо бизона приготовленное,0.00 г,25.45 г,8.62 г,179 кКал
Мясо бизона сырое,0.05 г,20.23 г,7.21 г,0 кКал
Гамбургер (Макдоналдс),30.28 г,12.92 г,10.09 г,121 кКал
Чизбургер (Макдоналдс),27.81 г,12.97 г,11.79 г,111 кКал
Хот-дог,18.40 г,10.60 г,14.84 г,74 кКал
Луковые кольца,43.58 г,3.86 г,25.23 г,174 кКал
Мука кукурузная белая цельнозерновая,76.85 г,6.93 г,3.86 г,307 кКал
Мука кукурузная,82.75 г,5.59 г,1.39 г,331 кКал
Мука кукурузная белая (маса),76.59 г,8.46 г,3.69 г,306 кКал
Крахмал кукурузный,91.27 г,0.26 г,0.05 г,365 кКал
Кускус крупа сухая,77.43 г,12.76 г,0.64 г,310 кКал
Кускус варёный на воде,23.22 г,3.79 г,0.16 г,93 кКал
Пшено крупа пшённая сухая,72.85 г,11.02 г,4.22 г,291 кКал
Пшено варёное на воде,23.67 г,3.51 г,1.00 г,95 кКал
Отруби овсяные необработанные термически,66.22 г,17.30 г,7.03 г,265 кКал
Крупа амарантовая сухая (семена),65.25 г,13.56 г,7.02 г,261 кКал
Амарант зёрна приготовленные,18.69 г,3.80 г,1.58 г,75 кКал
Мука арроурут,88.15 г,0.30 г,0.10 г,353 кКал
Крупа ячневая в сухом виде,73.48 г,12.48 г,2.30 г,294 кКал
Перловка крупа перловая сухая,77.72 г,9.91 г,1.16 г,311 кКал
Перловка варёная на воде (перловая каша),28.22 г,2.26 г,0.44 г,113 кКал
Гречка зелёная сухая,71.50 г,13.25 г,3.40 г,286 кКал
Гречка крупа гречневая сухая (коричневая),74.95 г,11.73 г,2.71 г,300 кКал
Мука гречневая,70.59 г,12.62 г,3.10 г,282 кКал
Булгур сухой. крупа,75.87 г,12.29 г,1.33 г,303 кКал
Булгур варёный на воде (каша),18.58 г,3.08 г,0.24 г,74 кКал
Гречка варёная на воде (гречневая каша),19.94 г,3.38 г,0.62 г,80 кКал
Зёрна кукурузы сухие,74.26 г,9.42 г,4.74 г,297 кКал
Отруби кукурузные необработанные термически,85.64 г,8.36 г,0.92 г,343 кКал
Мука кукурузная жёлтая цельнозерновая,76.85 г,6.93 г,3.86 г,307 кКал
Рис клейкий (липкий) в сухом виде,81.68 г,6.81 г,0.55 г,327 кКал
Рис клейкий (липкий) варёный,21.09 г,2.02 г,0.19 г,84 кКал
Мука рисовая,80.13 г,5.95 г,1.42 г,321 кКал
Ржаное зерно (рожь) в сухом виде,75.86 г,10.34 г,1.63 г,303 кКал
Отруби рисовые необработанные термически,49.69 г,13.35 г,20.85 г,199 кКал
Мука ржаная,76.68 г,9.82 г,1.33 г,307 кКал
Киноа крупа сухая,64.16 г,14.12 г,6.07 г,257 кКал
Рис бурый длиннозерный в сухом виде,76.25 г,7.54 г,3.20 г,305 кКал
Рис бурый длиннозерный варёный,25.58 г,2.74 г,0.97 г,102 кКал
Овсянка крупа овсяная в сухом виде,66.27 г,16.89 г,6.90 г,265 кКал
Рис бурый варёный,23.51 г,2.32 г,0.83 г,94 кКал
Рис бурый пропаренный в сухом виде,78.68 г,7.60 г,2.75 г,315 кКал
Рис бурый в сухом виде,76.17 г,7.50 г,2.68 г,305 кКал
Пшеница пророщенная в свежем виде,42.53 г,7.49 г,1.27 г,170 кКал
Рис дикий в сухом виде,74.90 г,14.73 г,1.08 г,300 кКал
Рис дикий варёный,21.34 г,3.99 г,0.34 г,85 кКал
Лапша кукурузная в сухом виде,79.26 г,7.46 г,2.08 г,317 кКал
Лапша кукурузная варёная,27.91 г,2.63 г,0.73 г,112 кКал
Мука из бурого риса,76.48 г,7.23 г,2.78 г,306 кКал
Лапша домашняя варёная,23.54 г,5.28 г,1.74 г,94 кКал
Сорго крупа в сухом виде,72.09 г,10.62 г,3.46 г,288 кКал
Тапиока в сухом виде,88.69 г,0.19 г,0.02 г,355 кКал
Тритикале неприготовленная (зерно),72.13 г,13.05 г,2.09 г,289 кКал
Мука из тритикале,73.14 г,13.18 г,1.81 г,293 кКал
Отруби пшеничные необработанные термически,64.51 г,15.55 г,4.25 г,258 кКал
Мука цельнозерновая (пшеничная),71.97 г,13.21 г,2.50 г,288 кКал
Лапша пшеничная (удон) варёная,27.54 г,4.00 г,0.18 г,110 кКал
Лапша из цельнозерновой пшеницы в сухом виде,73.37 г,13.87 г,2.93 г,293 кКал
Лапша из цельнозерновой пшеницы варёные,30.07 г,5.99 г,1.71 г,120 кКал
Мука ячменная солодовая,78.30 г,10.28 г,1.84 г,313 кКал
Мука овсяная,65.70 г,14.66 г,9.12 г,263 кКал
Лапша рисовая в сухом виде,80.18 г,5.95 г,0.56 г,321 кКал
Мука ячменная,74.52 г,10.50 г,1.60 г,298 кКал
Лапша гречневая (соба) в сухом виде,74.62 г,14.38 г,0.71 г,298 кКал
Лапша гречневая (соба) варёная,21.44 г,5.06 г,0.10 г,86 кКал
Лапша пшеничная (удон) в сухом виде,74.10 г,11.35 г,0.81 г,296 кКал
Лапша рисовая варёная,24.01 г,1.79 г,0.20 г,96 кКал
Киноа варёное на воде,21.30 г,4.40 г,1.92 г,85 кКал
Полба варёная на воде,26.44 г,5.50 г,0.85 г,106 кКал
Крупа теф в сухом виде,73.13 г,13.30 г,2.38 г,293 кКал
Теф приготовленный,19.86 г,3.87 г,0.65 г,79 кКал
Полба крупа в сухом виде,70.19 г,14.57 г,2.43 г,281 кКал
Мука пшеничная высшего сорта,76.22 г,9.71 г,1.48 г,305 кКал
Рис бурый пропаренный варёный,31.33 г,3.09 г,0.85 г,125 кКал
Мука сорго,76.85 г,9.53 г,1.24 г,307 кКал
Мука пшеничная первого сорта,73.81 г,11.50 г,1.45 г,295 кКал
Мука пшеничная второго сорта,72.20 г,13.07 г,1.38 г,289 кКал
Мука пшеничная обойная,69.88 г,15.33 г,1.41 г,280 кКал
Мука пшённая,75.12 г,10.75 г,4.25 г,300 кКал
Мука сорго цельнозерновая,76.64 г,8.43 г,3.34 г,307 кКал
Лапша (макароны. паста) варёная,30.86 г,5.80 г,0.93 г,123 кКал
Лапша (макароны. паста) в сухом виде,74.67 г,13.04 г,1.51 г,299 кКал
Лапша яичная в сухом виде,71.27 г,14.16 г,4.44 г,285 кКал
Лапша яичная варёная,25.16 г,4.54 г,2.07 г,101 кКал
Рис варёный (на воде),28.59 г,2.38 г,0.21 г,114 кКал
Рис круглозёрный в сухом виде,79.15 г,6.50 г,0.52 г,317 кКал
Рис круглозёрный варёный,28.73 г,2.36 г,0.19 г,115 кКал
Рис в сухом виде,79.34 г,6.61 г,0.58 г,317 кКал
Рис длиннозёрный в сухом виде,79.95 г,7.13 г,0.66 г,320 кКал
Рис длиннозёрный варёный,28.17 г,2.69 г,0.28 г,113 кКал
Рис пропаренный в сухом виде,80.89 г,7.51 г,1.03 г,324 кКал
Рис пропаренный варёный,26.05 г,2.91 г,0.37 г,104 кКал
Мука пшеничная универсальная,76.31 г,10.33 г,0.98 г,305 кКал
Сухари из хлеба,66.36 г,12.34 г,15.14 г,265 кКал
Фарш говяжий сырой. 20% жира,0.00 г,17.17 г,20.00 г,254 кКал
Говяжий рубец отварной,1.99 г,11.71 г,4.05 г,8 кКал
Говяжьи рёбра сырые,0.00 г,21.31 г,6.78 г,146 кКал
Говяжья шея (Чак Ай Ролл) сырая,0.00 г,19.38 г,11.45 г,181 кКал
Говяжий толстый край сырой,1.31 г,18.22 г,16.31 г,5 кКал
Говяжий огузок. кострец сырой,1.32 г,19.88 г,4.92 г,5 кКал
Говяжья пашина. брюшина. фланк в сыром виде,0.00 г,20.12 г,8.90 г,161 кКал
Говяжья голяшка сырая,0.00 г,20.61 г,7.20 г,147 кКал
Говяжья лопатка сырая,0.00 г,21.29 г,8.22 г,159 кКал
Говяжья грудинка сырая,0.00 г,15.81 г,31.27 г,345 кКал
Говядина сырая. мясо без жира,0.05 г,22.03 г,4.99 г,0 кКал
Говяжий тонкий край (Стриплойн) сырой,0.60 г,18.49 г,19.53 г,2 кКал
Говяжья вырезка (Тендерлойн) сырая,0.00 г,21.04 г,6.88 г,146 кКал
Лепёшка паратха,45.35 г,6.36 г,13.20 г,181 кКал
Лепёшка наан индийская пшеничная лепёшка,50.43 г,9.62 г,5.65 г,202 кКал
Хлеб из пророщенной пшеницы,33.88 г,13.16 г,0.00 г,136 кКал
Хлебцы мультизерновые,66.30 г,11.25 г,15.84 г,265 кКал
Хлеб мультизерновой,43.34 г,13.36 г,4.23 г,173 кКал
Имбирь маринованный,4.83 г,0.33 г,0.10 г,19 кКал
Сыр Филадельфия,7.66 г,15.69 г,1.00 г,31 кКал
Сыр мексиканский Кесо Чихуахуа,5.56 г,21.56 г,29.68 г,22 кКал
Белок куриного яйца в виде порошка,7.80 г,81.10 г,0.00 г,31 кКал
Молоко коровье 2% жирности,4.80 г,3.30 г,1.98 г,19 кКал
Сметана,7.10 г,3.50 г,10.60 г,28 кКал
Сметена обезжиренная,15.60 г,3.10 г,0.00 г,62 кКал
Протеиновые добавки на основе молока порошок,22.00 г,50.00 г,12.00 г,88 кКал
Сыр Кесо Фреско,2.98 г,18.09 г,23.82 г,12 кКал
Ряженка,4.88 г,3.21 г,3.31 г,20 кКал
Молоко сухое,38.42 г,26.32 г,26.71 г,154 кКал
Кефир,4.48 г,3.79 г,0.93 г,18 кКал
Йогурт,12.29 г,7.33 г,3.00 г,49 кКал
Сыр мексиканский Котиха,3.97 г,20.00 г,30.00 г,16 кКал
Сыр cливочный,5.52 г,6.15 г,34.44 г,22 кКал
Сыр Эдам,1.43 г,24.99 г,27.80 г,6 кКал
Сыр фета,4.09 г,14.21 г,21.28 г,16 кКал
Сыр Брюнуст,42.65 г,9.65 г,29.51 г,171 кКал
Сыр Гауда,2.22 г,24.94 г,27.44 г,9 кКал
Сыр Грюйер,0.36 г,29.81 г,32.34 г,1 кКал
Сыр Фонтина,1.55 г,25.60 г,31.14 г,6 кКал
Сыр Лимбургер,0.49 г,20.05 г,27.25 г,2 кКал
Сыр Монтерей,0.68 г,24.48 г,30.28 г,3 кКал
Сыр Моцарелла,5.58 г,23.75 г,19.78 г,22 кКал
Сыр Нёшатель,3.59 г,9.15 г,22.78 г,14 кКал
Сыр Пармезан,3.22 г,35.75 г,25.83 г,13 кКал
Сыр Мюнстер,1.12 г,23.41 г,30.04 г,4 кКал
Масло сливочное,0.00 г,0.28 г,99.48 г,876 кКал
Сыры с плесенью,2.34 г,21.40 г,28.74 г,9 кКал
Сыр Бри,0.45 г,20.75 г,27.68 г,2 кКал
Сыр Камамбер,0.46 г,19.80 г,24.26 г,2 кКал
Сыр Чеддер,3.09 г,22.87 г,33.31 г,12 кКал
Сыр Колби,2.57 г,23.76 г,32.11 г,10 кКал
Сыр Чешир,4.78 г,23.37 г,30.60 г,19 кКал
Творог 2% жирности,4.76 г,10.45 г,2.27 г,19 кКал
Сыр Пор-Салю,0.57 г,23.78 г,28.20 г,2 кКал
Сыр Проволоне,2.14 г,25.58 г,26.62 г,9 кКал
Сыр Рикотта,5.14 г,11.39 г,7.91 г,21 кКал
Сыр Пекорино Романо,3.63 г,31.80 г,26.94 г,15 кКал
Сыр Рокфор,2.00 г,21.54 г,30.64 г,8 кКал
Сыр Тильзитер,1.88 г,24.41 г,25.98 г,8 кКал
Сыр швейцарский,1.44 г,26.96 г,30.99 г,6 кКал
Молоко сгущённое,54.40 г,7.91 г,8.70 г,218 кКал
Молоко цельное коровье 3.7% жирности,4.65 г,3.28 г,3.66 г,19 кКал
Яйцо куриное сырое,0.72 г,12.56 г,9.51 г,3 кКал
Яичный белок в сыром виде,0.73 г,10.90 г,0.17 г,3 кКал
Яичный желток в сыром виде,3.59 г,15.86 г,26.54 г,14 кКал
Яйцо куриное жареное,0.83 г,13.61 г,14.84 г,3 кКал
Яйцо куриное варёное (вкрутую),1.12 г,12.58 г,10.61 г,4 кКал
Омлет яичный,0.64 г,10.57 г,11.66 г,3 кКал
Молоко козье,4.45 г,3.56 г,4.14 г,18 кКал
Молоко грудное женское,6.89 г,1.03 г,4.38 г,28 кКал
Молоко овечье,5.36 г,5.98 г,7.00 г,21 кКал
Молочная сыворотка,5.12 г,0.76 г,0.09 г,20 кКал
Сыр козий,0.12 г,21.58 г,29.84 г,0 кКал
Сыр мексиканский Аньехо,4.63 г,21.44 г,29.98 г,19 кКал
Сыр мексиканский Оахака,2.87 г,22.60 г,28.26 г,11 кКал
Желток куриного яйца в виде порошка,0.66 г,33.63 г,59.13 г,3 кКал
Яйцо утиное сырое,1.45 г,12.81 г,13.77 г,6 кКал
Яйцо гусиное сырое,1.35 г,13.87 г,13.27 г,5 кКал
Яйцо индейки сырое,1.15 г,13.68 г,11.88 г,5 кКал
Яйцо перепелиное сырое,0.41 г,13.05 г,11.09 г,2 кКал
Заменители яиц в виде порошка,21.80 г,55.50 г,13.00 г,87 кКал
Укроп сушёный,55.82 г,19.96 г,4.36 г,223 кКал
Семена фенхеля,52.29 г,15.80 г,14.87 г,209 кКал
Пажитник семена,58.35 г,23.00 г,6.41 г,233 кКал
Экстракт имбиря порошок,71.62 г,8.98 г,4.24 г,286 кКал
Мускатный орех пряность. молотый,50.50 г,6.71 г,32.38 г,202 кКал
Майоран специя в виде порошка,60.56 г,12.66 г,7.04 г,242 кКал
Чеснок сушёный,72.73 г,16.55 г,0.73 г,291 кКал
Семена горчицы молотая горчица,28.09 г,26.08 г,36.24 г,112 кКал
Луковый порошок,79.12 г,10.41 г,1.04 г,316 кКал
Орегано душица. высушенная,68.92 г,9.00 г,4.28 г,276 кКал
Паприка специя. в виде порошка,53.99 г,14.14 г,12.89 г,216 кКал
Петрушка сушёная,50.64 г,26.63 г,5.48 г,203 кКал
Перец белый молотый,68.61 г,10.40 г,2.12 г,274 кКал
Семена мака,28.13 г,17.99 г,41.56 г,113 кКал
Перец чёрный молотый,63.95 г,10.39 г,3.26 г,256 кКал
Перец душистый молотый,72.12 г,6.09 г,8.69 г,288 кКал
Семена аниса,50.02 г,17.60 г,15.90 г,200 кКал
Базилик сухой,47.75 г,22.98 г,4.07 г,191 кКал
Лавровый лист,74.97 г,7.61 г,8.36 г,300 кКал
Тмин семена,49.90 г,19.77 г,14.59 г,200 кКал
Кардамон,68.47 г,10.76 г,6.70 г,274 кКал
Семена сельдерея,41.35 г,18.07 г,25.27 г,165 кКал
Кервель ажурный сушёный,49.10 г,23.20 г,3.90 г,196 кКал
Перец чили молотый сухой,49.70 г,13.46 г,14.28 г,199 кКал
Гвоздика (пряность) приправа в виде порошка,65.53 г,5.97 г,13.00 г,262 кКал
Кориандр (кинза) лист высушенный,52.10 г,21.93 г,4.78 г,208 кКал
Семена кориандра,54.99 г,12.37 г,17.77 г,220 кКал
Корица порошок,80.59 г,3.99 г,1.24 г,322 кКал
Зира семена кумина,44.24 г,17.81 г,22.27 г,177 кКал
Семена укропа,55.17 г,15.98 г,14.54 г,221 кКал
Уксус,0.04 г,0.00 г,0.00 г,0 кКал
Ваниль экстракт,12.65 г,0.06 г,0.06 г,51 кКал
Каперсы маринованные,4.89 г,2.36 г,0.86 г,20 кКал
Хрен столовый. готовый к употреблению,11.29 г,1.18 г,0.69 г,45 кКал
Розмарин свежий,20.70 г,3.31 г,5.86 г,83 кКал
Мята перечная свежая,14.89 г,3.75 г,0.94 г,60 кКал
Мята свежая,8.41 г,3.29 г,0.73 г,34 кКал
Мята сушёная,52.04 г,19.93 г,6.03 г,208 кКал
Розмарин сушёный,64.06 г,4.88 г,15.22 г,256 кКал
Шафран специя,65.37 г,11.43 г,5.85 г,261 кКал
Шалфей молотый,60.73 г,10.63 г,12.75 г,243 кКал
Чабер молотый,68.73 г,6.73 г,5.91 г,275 кКал
Эстрагон сушёный,50.22 г,22.77 г,7.24 г,201 кКал
Тимьян сушёный,63.94 г,9.11 г,7.43 г,256 кКал
Куркума приправа в виде порошка,67.14 г,9.68 г,3.25 г,269 кКал
Базилик свежий,2.65 г,3.15 г,0.64 г,11 кКал
Укроп свежий,7.02 г,3.46 г,1.12 г,28 кКал
Горчица столовая. пастообразная,5.83 г,3.74 г,3.34 г,23 кКал
Соль столовая,0.00 г,0.00 г,0.00 г,0 кКал
Уксус яблочный,0.93 г,0.00 г,0.00 г,4 кКал
Тимьян свежий,24.45 г,5.56 г,1.68 г,98 кКал
Уксус винный (красный),0.27 г,0.04 г,0.00 г,1 кКал
Уксус бальзамический,17.03 г,0.49 г,0.00 г,68 кКал
Масло льняное,0.00 г,0.11 г,99.98 г,884 кКал
Фруктоза заменитель сахара,100.00 г,0.00 г,0.00 г,400 кКал
Сыр плавленый,3.50 г,7.10 г,28.60 г,14 кКал
Фазан приготовленный,0.00 г,32.40 г,12.10 г,239 кКал
Сахарин заменитель сахара,89.11 г,0.94 г,0.00 г,356 кКал
Морс клюквенный без сахара,12.20 г,0.39 г,0.13 г,49 кКал
Чипсы кукурузные (начос) без соли,57.40 г,6.60 г,33.40 г,230 кКал
Медуза сушёная,0.00 г,5.50 г,1.40 г,36 кКал
Сакэ,5.00 г,0.50 г,0.00 г,20 кКал
Глютен (клейковина пшеничная) в сухом виде,13.79 г,75.16 г,1.85 г,55 кКал
Скумбрия солёная,0.00 г,18.50 г,25.10 г,305 кКал
Лягушачьи лапки сырые,0.00 г,16.40 г,0.30 г,73 кКал
Морской гребешок приготовленный,5.41 г,20.54 г,0.84 г,22 кКал
Улитки сырые,2.00 г,16.10 г,1.40 г,8 кКал
